Circle,avg_units,total_units,avg_connections,avg_billing_ratio,avg_load_factor,disruption_rate,cluster
ADILABAD,14935.033657745336,220978758.0,218.18180589348472,0.5445141575974177,0.18859786008811102,0.4482292511489592,3
ASIFABAD,10591.66057272286,130934108.0,171.88844847112117,0.5501727691390907,0.18935803575487892,0.4524348810872027,3
BHADRADRI KOTHAGUDEM,23162.080022962113,403483434.0,309.25551090700344,0.48155553918019167,0.15147242985661635,0.49690011481056257,2
BHUPALAPALLY,12518.117831346271,143845692.0,267.0741449830302,0.45162255124350414,0.11207472266422341,0.635801931946741,2
HANUMAKONDA,71444.7356286971,471035142.0,833.135750037919,0.6560890903718978,0.10708062398026344,0.3622023358107083,1
JAGITYAL,51511.65492935635,360942166.09,752.620522334808,0.6350781028435883,0.15319555799882997,0.3006993006993007,1
JANGAON,23163.502511935367,126148434.68,502.4880646345942,0.6015297212960573,0.12698715052853463,0.35952993022401764,0
KAMAREDDY,25945.922338474815,240544646.0,460.08359400280443,0.5730403535317401,0.1445674729899201,0.3645777154568008,0
KARIMNAGAR,70546.17001533101,506168769.86,843.8072473867596,0.6233742493899112,0.12078229166820374,0.33644599303135886,1
KHAMMAM,44935.45148933174,638128346.6,543.0878811351313,0.5887525063985382,0.15608233810492325,0.35349623265967184,1
MAHABUBABAD,14822.704242182832,148849596.0,345.96703843855806,0.5647866152918651,0.1139670372990813,0.44293965345548697,0
MANCHERIAL,37603.778755727035,311885741.0,485.2046057390885,0.6477598032645319,0.15442129981395755,0.2976850735471425,0
NIRMAL,26658.629964747357,226864941.0,418.33113983548765,0.5790263433758092,0.17408651715342338,0.3739130434782609,3
NIZAMABAD,62056.87268570326,643281542.26,807.661682423307,0.6412981643410504,0.15085636955833956,0.3013698630136986,1
PEDDAPALLY,46791.05533266466,279904093.0,653.6835506519559,0.61905684774537,0.14641167106282693,0.3348378468739552,0
WARANGAL,46554.79114881439,341619057.45,649.2935404742436,0.614862875003924,0.09858732199800718,0.3905696375034069,0
